{
  "current": {
    "cart_type": "drawer",
    "sections": {
      "announcement-bar": {
        "type": "announcement-bar",
        "settings": {
          "show_line_separator": true
        },
        "blocks": {
          "announcement-bar-0": {
            "type": "announcement",
            "settings": {
              "text": "Welcome to our store"
            }
          },
          "announcement-bar-1": {
            "type": "announcement",
            "settings": {
              "text": "Best store!"
            }
          }
        },
        "order": [
          "announcement-bar-0",
          "announcement-bar-1"
        ]
      },
      "header": {
        "type": "header",
        "settings": {
          "logo_position": "middle-left",
          "menu": true,
          "menu_type_desktop": "mega",
          "sticky_header_type": "on-scroll-up",
          "show_line_separator": true,
          "enable_country_selector": true,
          "enable_language_selector": true,
          "mobile_logo_position": "center",
          "margin_bottom": 0,
          "padding_top": 20,
          "padding_bottom": 20
        }
      }
    }
  },
  "presets": {
    "Default": {}
  }
}
